Number of PURLs per target domain,
Domain,Number of PURLs
permanent.fdlp.gov,75517
govinfo.library.unt.edu,975
www.govinfo.gov,167929
ntrs.nasa.gov,5735
wayback.archive-it.org,4896
nces.ed.gov,556
www.gao.gov,8879
www.ers.usda.gov,103
webharvest.gov,5860
usda.library.cornell.edu,241
webarchive.library.unt.edu,641
clintonwhitehouse3.archives.gov,20
eot.us.archive.org,989
www.nrcs.usda.gov,42
ertvideo.org,19
www.fs.usda.gov,698
www.bls.gov,269
fraser.stlouisfed.org,2260
www.irs.gov,969
www.epa.gov,277
www2.census.gov,570
www.dliflc.edu,1
data.ers.usda.gov,97
www.airmanmagazine.af.mil,1
www.rd.usda.gov,38
www.loc.gov,476
www.energy.gov,59
www.census.gov,481
www.ussc.gov,14
pubs.usgs.gov,15727
www.cia.gov,38
www.gpo.gov,6590
www.nrel.gov,2043
www.justice.gov,176
ies.ed.gov,6
uscode.house.gov,5
www.ngdc.noaa.gov,259
www.research.va.gov,6
www.fda.gov,68
web.archive.org,1168
www.nrc.gov,712
www.ffiec.gov,7
archive.ahrq.gov,51
www.ssa.gov,65
2009-2017.state.gov,568
store.usgs.gov,582
clu-in.org,109
www.ncbi.nlm.nih.gov,103
www.fsis.usda.gov,9
dec.usaid.gov,137
www.transportation.gov,14
webarchive.loc.gov,2065
samm.dsca.mil,1
fews.net,47
www.bjs.gov,31
www.eia.gov,107
www.fdic.gov,86
www.webharvest.gov,945
commons.lib.jmu.edu,3
catalog.archives.gov,61
www.faa.gov,154
usace.contentdm.oclc.org,5
nauticalcharts.noaa.gov,17
www.uspto.gov,53
www.ams.usda.gov,43
www.neh.gov,22
www.rma.usda.gov,139
www.pmel.noaa.gov,2
www.huduser.gov,80
library.unt.edu,86
solarsystem.nasa.gov,2
www.stsci.edu,1
www.opm.gov,51
www.nasa.gov,88
www.dol.gov,138
www.ojp.gov,515
sbir.nih.gov,1
www2.ed.gov,108
ngmdb.usgs.gov,195
www.usgs.gov,177
cms.ferc.gov,3
www.nae.usace.army.mil,2
fiscal.treasury.gov,10
www.americorps.gov,48
clnr.hqi.usmc.mil,1
innovations.ahrq.gov,2
www.fema.gov,38
nepis.epa.gov,317
www.foreignassistance.gov,8
cfpub.epa.gov,32
www.cdc.gov,286
icsw.nhtsa.gov,47
aero.larc.nasa.gov,1
crashstats.nhtsa.dot.gov,109
webapp1.dlib.indiana.edu,89
data.ams.usda.gov,1
www.nlm.nih.gov,45
www.charts.noaa.gov,333
www.fws.gov,58
volcano.si.edu,7
energy.gov,52
historicalcharts.noaa.gov,48
www.af.mil,112
www.ncei.noaa.gov,88
nifa.usda.gov,4
www.transtats.bts.gov,2
www.nass.usda.gov,134
ncua.gov,1
www.nodc.noaa.gov,17
www.netl.doe.gov,2
water.usgs.gov,41
www.benefits.va.gov,7
eclipse.gsfc.nasa.gov,1
www.navcen.uscg.gov,28
www.occ.gov,40
www.cancer.gov,13
bioguide.congress.gov,1
www.nidcd.nih.gov,3
www.ftc.gov,51
wonder.cdc.gov,11
archive.gao.gov,114
www.dvidshub.net,50
www.cpc.ncep.noaa.gov,15
one.nhtsa.gov,56
1997-2001.state.gov,19
2001-2009.state.gov,7
www.nwfsc.noaa.gov,3
www.dhs.gov,47
www.guideline.gov,1
trumpwhitehouse.archives.gov,36
ojjdp.ojp.gov,15
www.cbo.gov,75
www.arts.gov,27
www.ncdc.noaa.gov,82
www.usda.gov,13
afdc.energy.gov,8
directory.house.gov,2
nccih.nih.gov,6
www.state.gov,211
www.compliance.af.mil,1
www.ihs.gov,12
usitc.gov,16
agcensus.library.cornell.edu,96
msc.fema.gov,126
www.gsa.gov,36
www.usip.org,5
www.treasury.gov,32
safetydata.fra.dot.gov,5
oig.usaid.gov,5
seer.cancer.gov,8
hab.hrsa.gov,1
arlweb.msha.gov,16
www.doi.gov,15
sam.gov,4
apps.bea.gov,52
www.accessdata.fda.gov,4
cybercoe.army.mil,2
www.pbgc.gov,9
www.nsf.gov,94
bjs.ojp.gov,37
georgewbush-whitehouse.archives.gov,53
netl.doe.gov,6
cybercemetery.unt.edu,5
www.reserve.uscg.mil,2
www.maritime.dot.gov,10
www.nist.gov,40
www.ni-u.edu,2
www.afsc.noaa.gov,14
heasarc.gsfc.nasa.gov,3
www.ustaxcourt.gov,4
www.fhwa.dot.gov,131
eric.ed.gov,414
www.imls.gov,16
usatrade.census.gov,2
earthquake.usgs.gov,14
www.cpsc.gov,7
ods.od.nih.gov,4
www.fcc.gov,40
www.nigc.gov,7
cdm16021.contentdm.oclc.org,5
ehp.niehs.nih.gov,6
rsa.ed.gov,1
www.ferc.gov,12
antarcticsun.usap.gov,1
www.va.gov,40
www.wiserwomen.org,1
www.doleta.gov,10
www.nps.gov,107
www.forcecom.uscg.mil,1
www.fsa.usda.gov,52
www.srs.fs.usda.gov,617
www.ttb.gov,8
ntsb.gov,4
www.ssd.noaa.gov,14
www.nationalacademies.org,1
files.eric.ed.gov,17
hdl.loc.gov,4053
its.ntia.gov,23
ntia.gov,12
publibrary.planusace.us,1
nwql.usgs.gov,2
www.ncjrs.gov,35
mi.water.usgs.gov,2
iodp.tamu.edu,3
hdl.handle.net,38
www.training.nih.gov,3
www.fdlp.gov,31
www.nationalgangcenter.gov,4
www.usccr.gov,24
www.nber.org,4
www.medicare.gov,18
irma.nps.gov,93
www.federalreserve.gov,25
www.dcms.uscg.mil,8
www.usajobs.gov,3
search.usa.gov,19
www.acf.hhs.gov,24
www.npdb-hipdb.com,1
nmssanctuaries.blob.core.windows.net,18
www.bea.gov,13
tjaglcs.army.mil,4
www.marad.dot.gov,1
www.si.edu,5
msi.nga.mil,74
www3.epa.gov,87
www.umesc.usgs.gov,28
archives.fbi.gov,1
www.lsc.gov,2
stats.bls.gov,17
findtreatment.gov,2
vault.fbi.gov,20
home.pearsonvue.com,1
pe.usps.gov,3
www.fgdc.gov,9
www.immunize.org,3
history.army.mil,14
www.archives.gov,84
www.dnfsb.gov,19
www.climate.gov,1
grants.nih.gov,11
www.medicaid.gov,2
archive.opm.gov,18
npgallery.nps.gov,2
phil.cdc.gov,1
rngr.net,6
www.ruralhealthresearch.org,2
li-public.fmcsa.dot.gov,2
www.uthct.edu,1
cmgds.marine.usgs.gov,21
www.fas.usda.gov,12
www.exim.gov,4
digitalcommons.unl.edu,1
tidesandcurrents.noaa.gov,23
asrs.arc.nasa.gov,2
webapps.dol.gov,3
nc.water.usgs.gov,1
www.hud.gov,29
apps.dtic.mil,46
www.cerc.usgs.gov,11
www.copyright.gov,49
il.water.usgs.gov,3
digital.library.unt.edu,1182
www.fara.gov,1
www.armyupress.army.mil,22
clintonwhitehouse4.archives.gov,17
international.fhwa.dot.gov,10
wdr.doleta.gov,52
www.srs.gov,2
waterdata.usgs.gov,4
www.eeoc.gov,9
www.senate.gov,8
www.nhc.noaa.gov,5
clerk.house.gov,3
inss.ndu.edu,4
www.ahrq.gov,15
www.ars.usda.gov,40
consumer.ftc.gov,5
obamawhitehouse.archives.gov,27
www.afjag.af.mil,5
www.usaid.gov,7
www.sba.gov,7
www.fiscal.treasury.gov,7
nhd.usgs.gov,2
www.niaid.nih.gov,3
me.water.usgs.gov,4
intosaijournal.org,2
mrdata.usgs.gov,35
www.bts.gov,26
www.investor.gov,20
www-curator.jsc.nasa.gov,1
archive-it.org,266
cpfp.cancer.gov,1
www.ed.gov,5
nmsmonitor.blob.core.windows.net,1
iaspub.epa.gov,1
www.publichealth.va.gov,5
www.nhtsa.gov,6
www.cftc.gov,11
spinoff.nasa.gov,1
www.asafm.army.mil,6
oma.od.nih.gov,1
www.trade.gov,13
parkplanning.nps.gov,21
repository.library.noaa.gov,52
www.sec.gov,27
www.dco.uscg.mil,16
www.uscis.gov,26
greatlakes-seaway.com,1
www.uscgboating.org,5
catalog.gpo.gov,26
library.si.edu,4
www.ada.gov,8
www.jcs.mil,5
www.marsjournal.org,1
about.usps.com,9
www.nci.nih.gov,2
travel.state.gov,7
cha.house.gov,7
visibleearth.nasa.gov,1
www.fca.gov,8
alu.army.mil,1
www.fossil.energy.gov,2
pdf.wri.org,1
oiir.hq.nasa.gov,3
rcrapublic.epa.gov,1
www.navyreserve.navy.mil,2
www.niddk.nih.gov,7
www.grants.gov,1
www.prc.gov,2
www.msha.gov,6
guides.loc.gov,25
www.fincen.gov,7
propertydisposal.gsa.gov,1
cleancities.energy.gov,5
oui.doleta.gov,4
nnsa.energy.gov,2
www.nwcouncil.org,8
nij.ojp.gov,30
gpo.gov,3
web.ornl.gov,7
utahavalanchecenter.org,1
stemcells.nih.gov,1
apps.fas.usda.gov,5
www.phmsa.dot.gov,5
www.nlrb.gov,13
eclkc.ohs.acf.hhs.gov,2
www.aphis.usda.gov,18
commdocs.house.gov,13
oh.water.usgs.gov,1
ppubs.uspto.gov,3
ngdc.noaa.gov,23
www.volunteer.va.gov,1
coastalscience.noaa.gov,4
www.denix.osd.mil,3
www.safety.af.mil,4
geodesy.noaa.gov,1
repository.si.edu,103
publications.armywarcollege.edu,1
www.marshallcenter.org,11
www.airuniversity.af.edu,54
nrd.gov,1
oig.hhs.gov,38
www.ncua.gov,5
www.fmcs.gov,1
prod.stb.gov,7
www.access-board.gov,3
ask.gpo.gov,4
nvlpubs.nist.gov,6
www.usaspending.gov,1
advocacy.sba.gov,12
www.dcaa.mil,4
www.iwr.usace.army.mil,3
digitalmedia.fws.gov,12
ffb.treasury.gov,2
oig.justice.gov,16
www.treasurydirect.gov,12
tile.loc.gov,31
www.ginniemae.gov,4
eca.state.gov,2
www.childwelfare.gov,17
www.transit.dot.gov,8
catalog.coriell.org,1
ntp.niehs.nih.gov,4
www.soest.hawaii.edu,1
www.fisheries.noaa.gov,61
www.defensetravel.dod.mil,1
leadership.opm.gov,1
www.ornl.gov,1
doeic.science.energy.gov,1
www.oit.edu,1
memory.loc.gov,11
www.osha.gov,10
www.atf.gov,22
ncd.gov,3
archive.org,70
www.oig.dol.gov,7
www2.jpl.nasa.gov,1
nationaldb.org,1
ferc.gov,1
lcweb.loc.gov,3
www.fec.gov,17
www.rpc.senate.gov,1
www.blm.gov,29
www.uscourts.gov,21
www.cbp.gov,23
incidentnews.noaa.gov,1
wwwn.cdc.gov,5
www.nrs.fs.usda.gov,10
www.fmc.gov,13
www.dsca.mil,2
www.genome.gov,2
www.feb.gov,8
va.water.usgs.gov,3
www.fns.usda.gov,32
www.sciencebase.gov,11
fsapartners.ed.gov,2
www.financialstability.gov,1
apps-afsc.fisheries.noaa.gov,24
report.nih.gov,2
www.clu-in.org,7
ustr.gov,69
apcss.org,2
deainfo.nci.nih.gov,10
pubmed.ncbi.nlm.nih.gov,1
pr.water.usgs.gov,1
str.llnl.gov,2
ecos.fws.gov,3
apps.irs.gov,8
www.onetcenter.org,1
www.ntsb.gov,9
www.nwtrb.gov,1
www.fwspubs.org,1
www.usmint.gov,10
leb.fbi.gov,2
www.savingsbonds.gov,1
girlshealth.gov,1
www.aoml.noaa.gov,2
www.cisa.gov,6
www.ruralhealthinfo.org,2
www.usbr.gov,13
www.hsrd.research.va.gov,1
www.bpa.gov,4
www.losangeles.feb.gov,1
19january2017snapshot.epa.gov,5
sill-www.army.mil,4
exchanges.state.gov,2
www.rehab.research.va.gov,4
digital-commons.usnwc.edu,11
www.army.mil,4
speclab.cr.usgs.gov,2
www.swpc.noaa.gov,2
aad.archives.gov,1
www.jpl.nasa.gov,2
maps.ngdc.noaa.gov,12
www.cms.gov,29
arit.sirsi.net,1
ufdc.ufl.edu,162
lcweb2.loc.gov,11
www.in.ng.mil,1
nctr.pmel.noaa.gov,2
www.flra.gov,9
www.wpc.ncep.noaa.gov,4
pab.gao.gov,1
uscgboating.org,1
www.coris.noaa.gov,3
www.iaf.gov,4
www.mbr-pwrc.usgs.gov,2
public.era.nih.gov,1
forms.sc.egov.usda.gov,3
nida.nih.gov,24
www.globalchange.gov,3
www2.usgs.gov,9
online.onetcenter.org,2
conservation.ok.gov,1
science.nasa.gov,2
www.acc.af.mil,17
www.albany.edu,2
www.hrc.army.mil,2
www.fic.nih.gov,3
www.hq.nasa.gov,6
www.ngs.noaa.gov,4
www.childstats.gov,3
ojp.gov,2
www.fbi.gov,16
www.vos.noaa.gov,1
www.navy.mil,2
ncjrs.gov,2
ows.doleta.gov,3
woodshole.er.usgs.gov,2
www.e-publishing.af.mil,3
www.congress.gov,13
meps.ahrq.gov,10
www.sigar.mil,10
products.coastalscience.noaa.gov,3
es.ndu.edu,1
www.osti.gov,20
wwwbrr.cr.usgs.gov,1
www2.lbl.gov,2
sanctuaries.noaa.gov,6
www.oshrc.gov,6
www.nckri.org,1
nas.er.usgs.gov,2
usacac.army.mil,2
www.dau.edu,6
dfi.wa.gov,1
itic.ioc-unesco.org,2
www.ots.treas.gov,4
npin.cdc.gov,1
tse.export.gov,2
rosap.ntl.bts.gov,9
mchb.hrsa.gov,2
scnewsltr.dodlive.mil,1
attra.ncat.org,2
epw.senate.gov,1
www.supremecourt.gov,10
daac.ornl.gov,1
nccd.cdc.gov,2
www.afcec.af.mil,1
ifap.ed.gov,6
srtr.transplant.hrsa.gov,1
jsc.defense.gov,1
www.nrl.navy.mil,2
safety.fhwa.dot.gov,7
dantes.doded.mil,1
www.bis.doc.gov,39
discover.dtic.mil,58
www.hsdl.org,5
americorps.gov,24
www.arctic.noaa.gov,1
www.benning.army.mil,3
www.glerl.noaa.gov,3
www.ntia.doc.gov,4
armypubs.army.mil,10
www.dfc.gov,2
www.nccih.nih.gov,5
www.esd.whs.mil,3
www.weather.gov,17
animaldrugsatfda.fda.gov,1
search.noaa.gov,1
www.hpc.mil,1
mymarketnews.ams.usda.gov,4
vista.cira.colostate.edu,1
www.deepseadrilling.org,1
dcas.dmdc.osd.mil,1
mo.water.usgs.gov,8
sites.ed.gov,1
aoprals.state.gov,5
www.nidcr.nih.gov,7
actuary.defense.gov,1
www.jlab.org,6
agresearchmag.ars.usda.gov,1
www.trilateral.net,1
www.fletc.gov,5
archives.hud.gov,3
www.bva.va.gov,3
www.cominguptaller.org,1
ecommons.cornell.edu,4
www.marforres.marines.mil,2
www.fsgb.gov,1
earthobservatory.nasa.gov,1
www.sss.gov,2
www.forestsandrangelands.gov,1
www.secnav.navy.mil,2
www.usa.gov,2
wwwnc.cdc.gov,2
response.restoration.noaa.gov,2
aspe.hhs.gov,3
www.choir.research.va.gov,1
mutcd.fhwa.dot.gov,4
copyright.gov,11
transition.fec.gov,8
www3.cec.org,3
www.hcup-us.ahrq.gov,4
www.science.gov,2
space.mit.edu,1
www.nei.nih.gov,3
pubs.niaaa.nih.gov,5
lewisandclarktrail.com,1
irp.nih.gov,1
www.cafc.uscourts.gov,1
census.gov,1
www.hqmc.marines.mil,1
oceanservice.noaa.gov,4
worldwind.arc.nasa.gov,1
www.bep.gov,1
imagine.gsfc.nasa.gov,2
issuu.com,4
www.aam-us.org,2
www.whitehouse.gov,23
www.ojjdp.gov,16
www.usmarshals.gov,4
www.boem.gov,24
www.dla.mil,7
annualreport.nichd.nih.gov,2
gain.fas.usda.gov,2
www.taxpayeradvocate.irs.gov,1
www.bop.gov,7
fs.usda.gov,1
catalog.nlm.nih.gov,1
tmep.uspto.gov,2
www2c.cdc.gov,1
www.airnow.gov,3
folkways.si.edu,1
ndupress.ndu.edu,7
www.fjc.gov,10
m.usps.com,1
www.csce.gov,8
www.commerce.gov,4
webapp.rma.usda.gov,2
banks.data.fdic.gov,5
www.arctic.gov,4
ecap.crc.illinois.edu,1
www.arc.gov,2
www.navsea.navy.mil,1
www.oig.lsc.gov,4
www.nih.gov,4
www.mcc.gov,4
comptroller.defense.gov,6
www.energystar.gov,8
www.floodmaps.fema.gov,1
partnerships.gsfc.nasa.gov,2
lcweb2.loc.gov:8081,2
www-odp.tamu.edu,3
www.dm.usda.gov,3
www.ertvideo.org,1
www.naric.com,1
www.nrd.gov,1
www.fsl.orst.edu,1
fas.org,1
ops.fhwa.dot.gov,9
curator.jsc.nasa.gov,2
www.hiv.lanl.gov,2
www.netionline.com,1
content.govdelivery.com,1
appel.nasa.gov,3
www.ecfr.gov,2
cic.ndu.edu,3
nv.ng.mil,2
www.abmc.gov,11
www-fars.nhtsa.dot.gov,1
public-rma.fpac.usda.gov,1
www.nersc.gov,2
www.poh.usace.army.mil,2
studentaid.gov,12
www7.fdic.gov,2
policy.ssa.gov,2
www.anl.gov,2
www.defense.gov,8
www.jagcnet.army.mil,1
www.ocfo.usda.gov,1
windeis.anl.gov,1
www.acq.osd.mil,2
www.nauticalcharts.noaa.gov,3
progressreport.cancer.gov,2
www.uscg.mil,11
www.lre.usace.army.mil,4
www.hnc.usace.army.mil,1
casgc.ucsd.edu,1
www.dinfos.dma.mil,2
www.meps.ahrq.gov,5
agricola.nal.usda.gov,1
www.wilsoncenter.org,1
prosecutor.training.nij.gov,1
www.aoc.gov,2
www.dni.gov,8
www.bsee.gov,4
discover.lanl.gov,2
archives.nida.nih.gov,1
www.st.nmfs.noaa.gov,3
www.volpe.dot.gov,2
www.earthdata.nasa.gov,1
allhands.navy.mil,2
www.firstgov.gov,1
wwwsp.dotd.la.gov,1
www.moneyfactory.gov,1
countrystudies.us,1
planetarynames.wr.usgs.gov,1
csrc.nist.gov,5
archive.iaf.gov,1
ovc.ojp.gov,5
www.justnet.org,1
www.hepatitis.va.gov,2
training.fema.gov,3
webbook.nist.gov,1
cdan.nhtsa.gov,1
www.es.net,1
www.ca7.uscourts.gov,1
www.stateoig.gov,3
www.mbda.gov,3
monitoringthefuture.org,3
www.niaaa.nih.gov,3
www.mutcd.fhwa.dot.gov,1
www.aps.anl.gov,1
pdf.usaid.gov,1
data.bts.gov,3
apps.nationalmap.gov,6
www.fhlb-pgh.com,1
ct.ng.mil,1
ne.water.usgs.gov,1
www.med.navy.mil,1
directory.psc.gov,1
crf.sandia.gov,2
home.treasury.gov,11
www.mynavyhr.navy.mil,4
data.census.gov,2
hfv.lanl.gov,2
reeis.usda.gov,2
bookstore.gpo.gov,3
geology.cr.usgs.gov,2
www.smdc.army.mil,1
www.fmshrc.gov,1
nmshawaiihumpbackwhale.blob.core.windows.net,1
www.navysbir.com,1
archives.huduser.gov,8
lacoast.gov,2
pubchem.ncbi.nlm.nih.gov,2
www.samhsa.gov,13
yosemite.epa.gov,1
www.acl.gov,3
www.nichd.nih.gov,8
ori.hhs.gov,1
math.nist.gov,2
www.grc.nasa.gov,1
www.nationalguard.mil,3
www.taxtalktoday.com,1
www.arcr.niaaa.nih.gov,3
tn.water.usgs.gov,1
www.ice.gov,6
law.umaryland.libguides.com,1
www.fvap.gov,1
www.coldregions.org,1
www.osmre.gov,3
www.naturalinquirer.org,11
spo.nmfs.noaa.gov,4
swfsc-publications.fisheries.noaa.gov,1
www.mspb.gov,6
www.ustda.gov,1
oedci.uspto.gov,2
nvd.nist.gov,1
dmna.ny.gov,2
bhw.hrsa.gov,2
www.export.gov,2
water.weather.gov,1
ipnpr.jpl.nasa.gov,1
history.house.gov,1
starchild.gsfc.nasa.gov,1
apps.usfa.fema.gov,3
www.fishwildlife.org,1
www.nimh.nih.gov,3
www.cmdl.noaa.gov,1
newsletter.samhsa.gov,2
www.datafiles.samhsa.gov,2
gravelocator.cem.va.gov,1
tmidm.uspto.gov,1
www.sales.dla.mil,1
history.defense.gov,10
www.history.navy.mil,28
www.slac.stanford.edu,1
www.nimhd.nih.gov,1
lima.usgs.gov,1
gmao.gsfc.nasa.gov,1
www.landbetweenthelakes.us,1
www.atsdr.cdc.gov,4
govbooktalk.gpo.gov,2
www.fueleconomy.gov,2
datafiles.samhsa.gov,2
www.fcsic.gov,1
www.globalsecurity.org,2
www.fta.dot.gov,1
stimson.contentdm.oclc.org,1
www.ready.gov,1
ca.water.usgs.gov,1
it.ojp.gov,1
www.ilr.cornell.edu,1
www.dodsbirsttr.mil,1
academic.oup.com,1
elibrary.ferc.gov,5
www.dia.mil,2
wtc.nist.gov,2
www.rcfl.gov,2
glorecords.blm.gov,1
findtreatment.samhsa.gov,2
umesc.usgs.gov,2
www.hudoig.gov,2
www.wcc.nrcs.usda.gov,1
oese.ed.gov,2
www.improveirs.org,1
wdr.water.usgs.gov,3
history.arc.nasa.gov,1
www.eac.gov,9
coastalgeotools.org,1
nsf.gov,3
www.naclubs.org,1
www.astrocappella.com,1
digitalcommons.ilr.cornell.edu,1
www.apcss.org,1
www.hydrogen.energy.gov,2
workforcesecurity.doleta.gov,3
www.osec.doc.gov,4
hivinfo.nih.gov,2
www.ushmm.org,1
www.maryland.gov,1
www.ili.org,1
portal.hud.gov,5
www.dma.mil,1
acwi.gov,3
www.bia.gov,6
ssi.armywarcollege.edu,2
siarchives.si.edu,1
dailymed.nlm.nih.gov,1
espanol.epa.gov,2
www1.eere.energy.gov,1
www.oe.netl.doe.gov,1
www.dodig.mil,2
www.occ.treas.gov,2
web.ita.doc.gov,1
oig.tva.gov,2
umbra.nascom.nasa.gov,1
www.557weatherwing.af.mil,1
www.health.mil,3
www.ncjrs.org,1
www.jobs.nih.gov,1
www.msc.usff.navy.mil,2
charts.noaa.gov,2
www.gsaig.gov,3
www.wwiimemorial.com,1
www.noaa.gov,10
www.uscc.gov,4
search.epa.gov,1
www.hrsa.gov,2
sunearthday.nasa.gov,1
history.state.gov,8
fl.water.usgs.gov,33
www.wlajournal.com,2
www.sti.nasa.gov,1
www.dtra.mil,3
glovis.usgs.gov,1
www.dea.gov,4
fairchild-mil.libguides.com,2
www.vendorportal.ecms.va.gov,1
ttabvue.uspto.gov,1
smithsonianeducation.org,1
www.eda.gov,1
tools.usps.com,1
cfo.lbl.gov,2
www.kansasgis.org,1
www.usfa.fema.gov,5
oig.ed.gov,2
ncjrs.org,1
volcanoes.usgs.gov,4
osc.gov,6
www.mlkday.gov,1
nssdc.gsfc.nasa.gov,2
www.nwrel.org,2
se.usembassy.gov,1
alcoholpolicy.niaaa.nih.gov,1
www.westover.afrc.af.mil,2
www.recalls.gov,1
www.stopbullying.gov,1
www.consumer.ftc.gov,1
www.hsaj.org,1
platteriverprogram.org,1
pe.usps.com,3
ofmpub.epa.gov,1
www.nwglde.org,1
www.ospo.noaa.gov,2
modis.gsfc.nasa.gov,1
data.bls.gov,1
npg.si.edu,1
aa.usno.navy.mil,2
www.airspacemag.com,1
www.jct.gov,32
archives.gov,1
search.uscourts.cavc.gov,1
www.bnl.gov,3
www.fhfa.gov,6
dsld.od.nih.gov,1
geonames.nga.mil,1
marineprotectedareas.noaa.gov,2
www.tradoc.army.mil,1
www.doncio.navy.mil,2
energy.usgs.gov,1
americanhistory.si.edu,1
forest.moscowfsl.wsu.edu,1
www.borenawards.org,3
www.chesapeakebay.net,1
www.cec.org,1
es.medicare.gov,1
prodwebnlb.rma.usda.gov,3
webmap.ornl.gov,1
rupri.public-health.uiowa.edu,1
www.peacecorps.gov,3
fiscaldata.treasury.gov,3
drs.faa.gov,2
plants.usda.gov,2
standards.gov,1
wow.uscgaux.info,1
www.consumer.gov,1
www.techbriefs.com,1
www.time.gov,1
www.amdo.org,1
metalib.gpo.gov,9
www.rrb.gov,3
calhoun.nps.edu,2
mn.water.usgs.gov,2
www.fishwatch.gov,1
semspub.epa.gov,2
ucr.fbi.gov,1
av-info.faa.gov,2
www.ptsd.va.gov,2
nihrecord.nih.gov,1
profiles.nlm.nih.gov,2
www.fnal.gov,1
geo-nsdi.er.usgs.gov,1
health.gov,3
www.smithsonianmag.com,1
www.torch.aetc.af.mil,1
www.bja.gov,3
www.wfiwc.org,1
aviationsystems.arc.nasa.gov,1
www.ncd.gov,1
www.uscirf.gov,3
www.oig.dhs.gov,21
ctr.stanford.edu,2
www.manpower.usmc.mil,1
manati.star.nesdis.noaa.gov,1
www.sddc.army.mil,1
druginfo.nlm.nih.gov,1
longtermcare.acl.gov,1
www.nwbc.gov,1
earthexplorer.usgs.gov,1
public.ccsds.org,1
dwp.dmdc.osd.mil,1
www.fhlbi.com,1
www.finance.senate.gov,14
www.youtube.com,13
agingstats.gov,1
www.gils.net,1
www.invasive.org,2
www.afdc.energy.gov,2
catalog.data.gov,2
icatalog.dau.edu,1
newsinhealth.nih.gov,1
www.afspc.af.mil,2
www.cops.usdoj.gov,2
www.nvr.navy.mil,1
www.marines.mil,2
www.afhra.af.mil,1
rfpb.defense.gov,3
www.niehs.nih.gov,1
ienccloud.us,1
www.seaway.dot.gov,1
www.fpir.noaa.gov,1
recruiting.army.mil,1
mafb-primo.hosted.exlibrisgroup.com,1
www.ignet.gov,3
annual.llnl.gov,1
www.sapr.mil,3
www.usrds.org,1
www.nia.nih.gov,14
oceanexplorer.noaa.gov,1
nmai.si.edu,1
www.nhi.fhwa.dot.gov,2
nhts.ornl.gov,1
ruralhealth.und.edu,1
archive.epa.gov,1
www.tsa.gov,2
www.nm.nrcs.usda.gov,1
www.onetonline.org,1
windexchange.energy.gov,1
factsheets.inl.gov,1
www.uscourts.cavc.gov,3
www.mmc.gov,2
nodis3.gsfc.nasa.gov,1
www.state.nj.us,1
sdmdataaccess.nrcs.usda.gov,1
pueblo.gsa.gov,1
npgsweb.ars-grin.gov,1
archive.constantcontact.com,4
19january2021snapshot.epa.gov,2
www.arlis.org,3
www.oig.doc.gov,3
www.nwp.usace.army.mil,1
orders.gpo.gov,1
cgsc.contentdm.oclc.org,3
www.oig.dot.gov,5
www.nal.usda.gov,4
www.jag.navy.mil,2
apps.ams.usda.gov,2
er.jsc.nasa.gov,1
ctc.westpoint.edu,2
americanindian.si.edu,1
www.craterlakeinstitute.com,1
fossil.energy.gov,1
www.afrc.af.mil,1
highways.dot.gov,4
store.samhsa.gov,10
foia.state.gov,3
stacks.cdc.gov,5
www.ocwr.gov,6
coast.noaa.gov,3
www2a.cdc.gov,1
babel.hathitrust.org,4
www.fai.gov,1
www.star.nesdis.noaa.gov,2
www.osce.org,1
www.house.gov,2
dataweb.usitc.gov,1
press.armywarcollege.edu,3
data.nal.usda.gov,1
arc.fiscal.treasury.gov,2
ageconsearch.umn.edu,1
www.dfas.mil,1
2017-2020.usaid.gov,2
sab.epa.gov,1
www.nws.noaa.gov,1
www.environment.fhwa.dot.gov,1
taskbook.nasaprs.com,1
www.ibiblio.org,1
geopub.epa.gov,1
weather.gov,1
www.dsp.dla.mil,1
www.dvcipm.org,1
greenbook-waysandmeans.house.gov,1
soldierforlife.army.mil,1
pages.nist.gov,1
bensguide.gpo.gov,1
www.ovcttac.gov,1
cops.usdoj.gov,3
lsda.jsc.nasa.gov,1
sbir.gsfc.nasa.gov,1
www-s.nist.gov,2
www.regulations.gov,1
www.data.gov,1
www.healthcare.gov,1
ir.eia.gov,1
www.uspsoig.gov,2
www.feedthefuture.gov,3
www.dscu.mil,1
www.nagb.gov,1
www.gocivilairpatrol.com,1
www.doioig.gov,5
nchfp.uga.edu,1
www.dietaryguidelines.gov,1
read.gov,1
www.cit.uscourts.gov,1
www.csosa.gov,2
www.icpsr.umich.edu,1
cam.cancer.gov,1
rrb.gov,3
www.itis.gov,1
www.102iw.ang.af.mil,1
transportation.house.gov,1
www.nga.gov,2
dnc.nga.mil,1
www.tn.gov,2
www1.usgs.gov,1
rmgsc.cr.usgs.gov,1
www.flickr.com,1
community.apan.org,4
digital.lib.uiowa.edu,9
mrr.usaid.gov,3
planthardiness.ars.usda.gov,2
blogs.cdc.gov,4
www2.cdc.gov,1
clinicalstudies.info.nih.gov,1
www.battelle.org,1
publications.america.gov,4
www.reginfo.gov,2
www.ruralhealth.va.gov,2
www.sigtarp.gov,2
ntrl.ntis.gov,2
www.ncrar.research.va.gov,1
www.ncep.noaa.gov,1
www.consumerfinance.gov,13
avo.alaska.edu,2
ethics.senate.gov,1
eospso.gsfc.nasa.gov,2
oig.treasury.gov,3
medcoe.army.mil,5
www.usmcu.edu,11
prhome.defense.gov,1
www.nauticalchartsonline.com,1
www1.grc.nasa.gov,1
www.fhfaoig.gov,2
newsreleases.sandia.gov,1
www.sandia.gov,3
3roundstones.com,1
geomag.usgs.gov,1
waterwatch.usgs.gov,1
saferproducts.gov,1
www.hudexchange.info,2
www.hhs.gov,13
wildlife.faa.gov,1
www.its.dot.gov,3
audioarchives.oc.usda.gov,1
www2.ntia.doc.gov,1
blog.trade.gov,1
quickstats.nass.usda.gov,1
memberguide.gpo.gov,1
www.mrlc.gov,1
www.nro.gov,2
www.medicalcountermeasures.gov,1
inciweb.nwcg.gov,1
www.bones.nih.gov,2
www.peoacwa.army.mil,1
voices.nmfs.noaa.gov,1
www.ninr.nih.gov,1
www.digitizationguidelines.gov,1
projectreporter.nih.gov,1
onsafety.cpsc.gov,1
jobs.nih.gov,1
www.butler.va.gov,1
libraries.indiana.edu,4
www.telework.gov,1
www.nezpercetrail.net,1
amberalert.ojp.gov,1
eplanning.blm.gov,7
naldc.nal.usda.gov,1
listserv.loc.gov,1
www.capvolunteernow.com,1
facts.usps.com,1
www.npms.phmsa.dot.gov,1
www.crimesolutions.gov,1
www.animalimagegallery.org,1
www.pwrc.usgs.gov,3
www.oge.gov,9
esp.cr.usgs.gov,1
oig.nasa.gov,7
m.gpo.gov,1
financialaidtoolkit.ed.gov,1
www.nutrition.gov,1
judiciary.house.gov,5
data.medicare.gov,1
www.mvm.usace.army.mil,3
infocus.nlm.nih.gov,1
intramural.nih.gov,1
bison.usgs.gov,1
www.socialsecurity.gov,2
websoilsurvey.nrcs.usda.gov,1
www.diversity.va.gov,2
library.noaa.gov,7
takingstock.cec.org,1
fws.gov,4
www.fdicoig.gov,2
open.defense.gov,3
dodsoco.ogc.osd.mil,2
themobilityforum.net,1
www.nitrd.gov,3
certs.hhs.gov,1
www.performance.gov,1
science.gsfc.nasa.gov,1
www.usar.army.mil,2
gao.gov,2
seabeemagazine.navylive.dodlive.mil,1
www.usgovernmentmanual.gov,1
nomads.ncep.noaa.gov,1
hddsexplorer.usgs.gov,1
www.spc.noaa.gov,1
cwoutcomes.acf.hhs.gov,1
www.bbg.gov,1
www.usich.gov,2
media.defense.gov,18
phc.amedd.army.mil,5
www.secretservice.gov,4
disclosures-clerk.house.gov,1
trac.syr.edu,1
tess2.uspto.gov,1
minorityhealth.hhs.gov,1
search.library.wisc.edu,3
nureg.nrc.gov,1
citenet.nlrb.gov,1
www.e-verify.gov,1
www.pclob.gov,4
foresthistory.org,1
founders.archives.gov,1
ovc.ncjrs.gov,1
fsitraining.state.gov,1
www.internationalboundarycommission.org,1
www.biodiversitylibrary.org,2
dawson.ustaxcourt.gov,1
disabilitycompendium.org,2
www.nano.gov,2
worldwidescience.org,1
benefits.va.gov,3
www.frtr.gov,1
www.ssab.gov,1
www.acquisition.gov,3
uspreventiveservicestaskforce.org,1
coloradoriverrecovery.org,1
www.nctc.gov,1
digital.library.illinoisstate.edu,23
hints.cancer.gov,2
www.visitthecapitol.gov,1
www.gc.noaa.gov,1
www.ovc.gov,1
greatbasinnpp.org,1
ssa.gov,1
mchb.tvisdata.hrsa.gov,1
ahrqpubs.ahrq.gov,1
africa.si.edu,1
www.denali.gov,2
cris.nifa.usda.gov,2
smart.ojp.gov,1
vetoviolence.cdc.gov,1
www.federalregister.gov,1
nfl.com,1
nei.nih.gov,1
www.ebenefits.va.gov,1
desktop.loc.gov,1
cleanenergysolutions.org,1
purl.fdlp.gov,30
congress.gov,1
data.fs.usda.gov,1
static.dma.mil,1
snaped.fns.usda.gov,1
www.oalj.dol.gov,1
www.michigan.gov,2
www.dcd.uscourts.gov,2
nativeamericanheritagemonth.gov,1
www.archive-it.org,1
www.music.af.mil,1
www.marineband.marines.mil,3
www.fra.dot.gov,2
www.socom.mil,1
www.ustranscom.mil,1
www.energy2030.org,1
dra.gov,1
www.federalreserveeducation.org,1
fedpaymentsimprovement.org,1
www.frbservices.org,1
fedcommunities.org,1
www.bostonfed.org,1
www.philadelphiafed.org,1
www.clevelandfed.org,2
www.richmondfed.org,1
nrcoe.inl.gov,1
www.frbatlanta.org,1
www.chicagofed.org,2
www.stlouisfed.org,1
www.minneapolisfed.org,1
www.kansascityfed.org,1
www.dallasfed.org,2
www.mvs.usace.army.mil,2
edrn.nci.nih.gov,1
uas-faa.opendata.arcgis.com,1
www.firescience.gov,2
flowergarden.noaa.gov,1
studentloans.gov,1
eros.usgs.gov,2
petitions.obamawhitehouse.archives.gov,1
open.obamawhitehouse.archives.gov,1
letsmove.obamawhitehouse.archives.gov,1
doi.org,1
developer.uspto.gov,2
www.asbca.mil,1
echo.epa.gov,2
www.ccac.gov,2
www.cns-llc.us,1
oha.ed.gov,2
ww3.fca.gov,1
orders.fdic.gov,1
www.ncrac.org,1
clintonwhitehouse5.archives.gov,1
quicksearch.dla.mil,1
dctd.cancer.gov,1
www.lacoast.gov,2
www.newengland.va.gov,1
science2017.globalchange.gov,1
usdasearch.usda.gov,1
www.dcsa.mil,3
dggs.alaska.gov,6
doiu.doi.gov,1
files.consumerfinance.gov,50
gsaauctions.gov,1
s3.amazonaws.com,3
tedb.ornl.gov,2
www.pbm.va.gov,1
gapanalysis.usgs.gov,1
marinedebris.noaa.gov,3
eerscmap.usgs.gov,1
exploreuk.uky.edu,14
www.esrl.noaa.gov,3
floridakeys.noaa.gov,2
montereybay.noaa.gov,1
www.nesdis.noaa.gov,2
africacenter.org,1
democrats-intelligence.house.gov,1
sciencecouncil.noaa.gov,1
www.jec.senate.gov,3
www.indian.senate.gov,2
www.lovell.fhcc.va.gov,1
naturalhistory.si.edu,2
nmsfloridakeys.blob.core.windows.net,1
clinicaltrials.gov,2
militarypay.defense.gov,1
www.train.org,1
cyberdefensereview.army.mil,1
cyber.army.mil,1
www.healthquality.va.gov,3
www.publications.usace.army.mil,1
www.oni.navy.mil,5
cplorg.contentdm.oclc.org,3
cve.fbi.gov,1
www.olcf.ornl.gov,3
www.achp.gov,1
libguides.library.noaa.gov,7
www.financialresearch.gov,2
astrobiology.nasa.gov,2
icmmpa.org,1
www.us-cert.gov,2
www.llnl.gov,2
opensi.si.edu,1
disposal.gsa.gov,1
policy.defense.gov,1
www.bulkorder.ftc.gov,1
www.leavenworth.va.gov,1
crsreports.congress.gov,10838
tjaglcspublic.army.mil,1
cloud.cio.gov,1
2017-2021.state.gov,11
ni-u.edu,3
www.phe.gov,1
innovation.defense.gov,2
www.dote.osd.mil,1
www.drought.gov,10
nrcspad.sc.egov.usda.gov,2
www.sandag.org,2
www.macpac.gov,1
www.cleveland.va.gov,1
navalsafetycenter.navy.mil,1
permalink.lanl.gov,8
www.intelligence.gov,2
ecrp.illinois.edu,1
www.hanford.gov,1
www.nrcc.cornell.edu,3
sercc.com,1
apdrc.soest.hawaii.edu,1
www.patientsafety.va.gov,1
fatherhood.gov,1
order.nia.nih.gov,12
carbon2018.globalchange.gov,1
dhsprogram.com,3
www.cape.osd.mil,2
health.mil,1
www.smart.gov,1
www.ang.af.mil,2
www.ca9.uscourts.gov,1
asd.gsfc.nasa.gov,1
www.usace.army.mil,1
www.hfip.org,1
eglin.isportsman.net,1
www.amc.army.mil,1
www.armfor.uscourts.gov,4
www.usagm.gov,5
marketplace.cms.gov,3
landbetweenthelakes.us,1
www.ars-grin.gov,1
www.niams.nih.gov,73
www.cdse.edu,1
www.arsof-history.org,1
www.darpa.mil,1
ir.library.oregonstate.edu,1
eforms.state.gov,1
collections.nlm.nih.gov,1
www.visn12.va.gov,2
www.nsa.gov,1
images.nasa.gov,1
constitution.congress.gov,1
bulkdata.uspto.gov,1
www.surfpac.navy.mil,1
www.mentalhealth.va.gov,3
pueblo.gpo.gov,9
www.moed.uscourts.gov,2
cpo.noaa.gov,3
www.nifc.gov,1
usfs-public.box.com,1
arsof-history.org,1
fam.state.gov,1
www.nationsreportcard.gov,1
www.whatcanyoudocampaign.org,1
www.theviolenceproject.org,1
digitalcommons.law.ou.edu,1
esgf.llnl.gov,3
catalog.ninds.nih.gov,1
www.hsgac.senate.gov,7
www.fisc.uscourts.gov,1
www.digitalarchives.exim.gov,1
docs.house.gov,1
www.waterforum.org,1
www.sare.org,1
nadler.house.gov,1
www.csb.gov,1
assets.ctfassets.net,1
www.diu.mil,2
nche.ed.gov,1
ivscc.gsfc.nasa.gov,1
www.nwd-mr.usace.army.mil,1
warroom.armywarcollege.edu,1
amtrakoig.gov,1
www.coronavirus.gov,1
oig.ssa.gov,1
oig.pbgc.gov,1
archive.cdc.gov,1
espanol.cdc.gov,1
www.psmagazine.army.mil,1
www.spr.doe.gov,2
strategy.data.gov,2
www.predictiveservices.nifc.gov,3
nicic.gov,1
restorethegulf.gov,4
www.solarium.gov,2
dod.defense.gov,1
www.judiciary.senate.gov,10
ffiec.cfpb.gov,1
search4.nrel.gov,2
videocast.nih.gov,1
fdc.nal.usda.gov,1
ltdl.wr.usgs.gov,1
dms.ntsb.gov,1
www.usafa.edu,2
mywaterway.epa.gov,1
ncses.nsf.gov,1
medlineplus.gov,6
madsciblog.tradoc.army.mil,1
mwi.usma.edu,2
www.oversight.gov,12
www.samm.dsca.mil,1
denix.osd.mil,1
stationhypo.com,1
www.onrr.gov,1
www.ait.org.tw,1
usda-fns.maps.arcgis.com,1
digirepo.nlm.nih.gov,1
www.omao.noaa.gov,2
www.uscga.edu,1
gpm.nasa.gov,1
www.minorityhealth.hhs.gov,3
www.pandemicoversight.gov,3
ia800402.us.archive.org,1
www.osi.af.mil,1
www.whatsinproducts.com,1
loc.maps.arcgis.com,1
dcp.psc.gov,1
www.icams-portal.gov,2
hazards.geoplatform.gov,1
www.jpml.uscourts.gov,1
static1.squarespace.com,1
digital2.library.unt.edu,1
hifld-geoplatform.opendata.arcgis.com,1
www.cc.nih.gov,1
www.spaceforce.mil,6
www.spoc.spaceforce.mil,1
clearinghouse.marinedebris.noaa.gov,1
dceg.cancer.gov,1
oig.eeoc.gov,1
republicans-judiciary.house.gov,1
financialservices.house.gov,2
acl.gov,1
ia800502.us.archive.org,1
nnlm.gov,1
www.nwd.usace.army.mil,4
oig.federalreserve.gov,3
cancercontrol.cancer.gov,2
rsc-banks.house.gov,2
fdlp.gov,1
nps.edu,2
ia903108.us.archive.org,1
www.tearline.mil,1
bwt.cbp.gov,1
www.dsiac.org,1
csiac.org,1
www.csiac.org,1
awt.cbp.gov,1
www.jasp-online.org,1
www.hdiac.org,1
lccn.loc.gov,23
apgnews.com,1
www.odni.gov,1
eda.gov,1
www.vaccines.gov,1
www.vacunas.gov,1
www.rfa.org,3
gml.noaa.gov,2
www.nixonlibrary.gov,1
rferl.org,1
www.rferl.org,1
ia800708.us.archive.org,1
ia802709.us.archive.org,1
reporter.nih.gov,1
www.glri.us,1
heinonline.org,1
www.uscp.gov,4
consumercomplaints.fcc.gov,1
my.usgs.gov,1
www.dspo.mil,2
levees.sec.usace.army.mil,2
www.mountainhomeafbairspaceeis.com,1
smithsonian.figshare.com,2
www.organdonor.gov,1
www.maryland.va.gov,1
pubs.nps.gov,1
namus.nij.ojp.gov,1
www.manufacturingusa.com,1
oce.house.gov,5
ia801208.us.archive.org,1
tsapps.nist.gov,1
ipdefenseforum.com,1
www.poa.usace.army.mil,1
chroniclingamerica.loc.gov,1
www.lrc.usace.army.mil,1
www.lrh.usace.army.mil,1
www.nwk.usace.army.mil,1
www.swl.usace.army.mil,1
www.lrl.usace.army.mil,1
www.sam.usace.army.mil,1
www.lrn.usace.army.mil,1
america250.org,1
www.nwo.usace.army.mil,1
www.lrp.usace.army.mil,1
www.permits.performance.gov,1
www.mvr.usace.army.mil,1
www.spk.usace.army.mil,1
dpcpsi.nih.gov,3
www.nws.usace.army.mil,1
www.mvk.usace.army.mil,1
chemview.epa.gov,1
www.cpf.navy.mil,1
www.spa.usace.army.mil,1
www.nab.usace.army.mil,2
ioos.noaa.gov,1
geoplatform.maps.arcgis.com,1
science.house.gov,1
republicans-science.house.gov,1
bja.ojp.gov,3
www.sac.usace.army.mil,1
osp.od.nih.gov,1
ned.nih.gov,1
www.medpac.gov,1
370377fc-459c-47ec-b9a9-c25f410f7f94.filesusr.com,1
foreignaffairs.house.gov,1
energycommerce.house.gov,1
www.swf.usace.army.mil,1
www.covidtests.gov,2
forensiccoe.org,1
www.swg.usace.army.mil,1
jwst.nasa.gov,1
www.saj.usace.army.mil,1
oig.nsa.gov,1
www.spl.usace.army.mil,1
www.dodea.edu,1
www.ninds.nih.gov,2
nap.nationalacademies.org,1
amber-ic.org,2
www.amberadvocate.org,1
nrel-primo.hosted.exlibrisgroup.com,2
www.foreign.senate.gov,2
www.nan.usace.army.mil,1
www.appropriations.senate.gov,1
www.rules.senate.gov,1
www.covid.gov,1
coc.senate.gov,2
www.armed-services.senate.gov,1
www.sbc.senate.gov,1
www.ethics.senate.gov,1
armedservices.house.gov,2
www.banking.senate.gov,1
agriculture.house.gov,1
oversight.house.gov,22
veterans.house.gov,1
waysandmeans.house.gov,1
www.mvn.usace.army.mil,1
www.nap.usace.army.mil,1
www.veterans.senate.gov,1
www.intelligence.senate.gov,1
www.drugcaucus.senate.gov,1
appropriations.house.gov,1
www.commerce.senate.gov,1
homeland.house.gov,2
naturalresources.house.gov,1
www.cecc.gov,1
ethics.house.gov,1
rules.house.gov,1
intelligence.house.gov,1
www.aging.senate.gov,1
www.epw.senate.gov,1
www.energy.senate.gov,1
humanrightscommission.house.gov,1
www.sas.usace.army.mil,1
www2.fmc.gov,1
www.inaugural.senate.gov,1
combatecovid.hhs.gov,1
usfs-public.app.box.com,1
www.qmo.amedd.army.mil,2
www.spn.usace.army.mil,1
www.peerta.acf.hhs.gov,1
www.help.senate.gov,1
edworkforce.house.gov,2
www.agriculture.senate.gov,1
www.budget.senate.gov,1
budget.house.gov,1
modernizecongress.house.gov,1
climatecrisis.house.gov,1
smallbusiness.house.gov,1
screeningtool.geoplatform.gov,1
www.mvp.usace.army.mil,1
edap.epa.gov,1
www.sakitta.org,1
erdc-library.erdc.dren.mil,9
january6th-benniethompson.house.gov,9
www.jagreporter.af.mil,1
www.energycodes.gov,1
january6th.house.gov,1
www.stopalcoholabuse.gov,2
ecdrappeals.ed.gov,1
cameochemicals.noaa.gov,1
home.nps.gov,1
www.swt.usace.army.mil,2
ia802603.us.archive.org,1
www.openworld.gov,1
gop-foreignaffairs.house.gov,1
ilrs.gsfc.nasa.gov,1
webb.nasa.gov,2
dx.doi.org,2
media.fisheries.noaa.gov,1
www.afrh.gov,1
www.schatz.senate.gov,1
ia801305.us.archive.org,1
ia800609.us.archive.org,1
www.nww.usace.army.mil,2
navalaviationnews.navylive.dodlive.mil,2
plainsguardian.dodlive.mil,1
www.fia.fs.usda.gov,1
www.saw.usace.army.mil,1
nrel.primo.exlibrisgroup.com,2
nssarchive.us,2
www.fordlibrarymuseum.gov,1
ndia.dtic.mil,1
s3.documentcloud.org,1
www.spectrum.niaaa.nih.gov,1
nsidc.org,1
www.aei.org,1
dsb.cto.mil,1
datainventory.ed.gov,1
preptoolkit.fema.gov,1
www.fedscope.opm.gov,1
www.c-span.org,1
hazards.fema.gov,1
democrats-judiciary.house.gov,1
devgis.charttools.noaa.gov,1
wpo.noaa.gov,1
ut.ng.mil,1
diversity.house.gov,1
reaganudall.org,1
www.visn9.va.gov,1
tedstevensarcticcenter.org,1
www.911.gov,1
aspr.hhs.gov,1
www.rubio.senate.gov,1
www.nnss.gov,1
www.whitehouse.senate.gov,1
drive.google.com,1
www.documentcloud.org,1
www.europeafrica.army.mil,1
selectcommitteeontheccp.house.gov,1
covid.cdc.gov,2
www.marshall.senate.gov,1
htcbc.ovc.ojp.gov,1
livestream.com,1
ida.ussc.gov,1
lss.fnal.gov,1
gbp-blm-egis.hub.arcgis.com,1
designee.faa.gov,1
oversightdemocrats.house.gov,2
www.getinternet.gov,1
www.sipi.edu,1
par.nsf.gov,1
publicaccess.dtic.mil,1
pubag.nal.usda.gov,1
research.si.edu,1
vimeo.com,1
portal.cops.usdoj.gov,3
data.noaa.gov,1
www.aaro.mil,1
mwi.westpoint.edu,3
sservi.nasa.gov,2
nca2023.globalchange.gov,1
www.hiv.va.gov,1
www.usitc.gov,4
broadbandmap.fcc.gov,1
open.usa.gov,1
mapping.ncua.gov,1
fns-prod.azureedge.us,2
